<?xml version="1.0" encoding="utf-8"?>
<ArrayOfMetaLocationModel xmlns:xsi="http://www.w3.org/2001/XMLSchema-instance" xmlns:xsd="http://www.w3.org/2001/XMLSchema">
  <MetaLocationModel>
    <ID>3</ID>
    <ISO>AF</ISO>
    <LocalName>Afghanistan</LocalName>
    <Type>Country</Type>
    <In_Location>-1</In_Location>
    <Geo_lat>33</Geo_lat>
    <Geo_lng>65</Geo_lng>
    <DB_id>AF</DB_id>
  </MetaLocationModel>
  <MetaLocationModel>
    <ID>16</ID>
    <ISO>AX</ISO>
    <LocalName>Aland IslandsÅland Islands</LocalName>
    <Type>Country</Type>
    <In_Location>-1</In_Location>
    <Geo_lat>0.1</Geo_lat>
    <Geo_lng>0.1</Geo_lng>
    <DB_id>AX</DB_id>
  </MetaLocationModel>
  <MetaLocationModel>
    <ID>6</ID>
    <ISO>AL</ISO>
    <LocalName>Albania</LocalName>
    <Type>Country</Type>
    <In_Location>-1</In_Location>
    <Geo_lat>41</Geo_lat>
    <Geo_lng>20</Geo_lng>
    <DB_id>AL</DB_id>
  </MetaLocationModel>
  <MetaLocationModel>
    <ID>61</ID>
    <ISO>DZ</ISO>
    <LocalName>Algeria</LocalName>
    <Type>Country</Type>
    <In_Location>-1</In_Location>
    <Geo_lat>28</Geo_lat>
    <Geo_lng>3</Geo_lng>
    <DB_id>DZ</DB_id>
  </MetaLocationModel>
  <MetaLocationModel>
    <ID>12</ID>
    <ISO>AS</ISO>
    <LocalName>American Samoa</LocalName>
    <Type>Country</Type>
    <In_Location>-1</In_Location>
    <Geo_lat>-14.3333</Geo_lat>
    <Geo_lng>-170</Geo_lng>
    <DB_id>AS</DB_id>
  </MetaLocationModel>
  <MetaLocationModel>
    <ID>1</ID>
    <ISO>AD</ISO>
    <LocalName>Andorra</LocalName>
    <Type>Country</Type>
    <In_Location>-1</In_Location>
    <Geo_lat>42.5</Geo_lat>
    <Geo_lng>1.5</Geo_lng>
    <DB_id>AD</DB_id>
  </MetaLocationModel>
  <MetaLocationModel>
    <ID>9</ID>
    <ISO>AO</ISO>
    <LocalName>Angola</LocalName>
    <Type>Country</Type>
    <In_Location>-1</In_Location>
    <Geo_lat>-12.5</Geo_lat>
    <Geo_lng>18.5</Geo_lng>
    <DB_id>AO</DB_id>
  </MetaLocationModel>
  <MetaLocationModel>
    <ID>5</ID>
    <ISO>AI</ISO>
    <LocalName>Anguilla</LocalName>
    <Type>Country</Type>
    <In_Location>-1</In_Location>
    <Geo_lat>18.25</Geo_lat>
    <Geo_lng>-63.1667</Geo_lng>
    <DB_id>AI</DB_id>
  </MetaLocationModel>
  <MetaLocationModel>
    <ID>10</ID>
    <ISO>AQ</ISO>
    <LocalName>Antarctica</LocalName>
    <Type>Country</Type>
    <In_Location>-1</In_Location>
    <Geo_lat>-90</Geo_lat>
    <Geo_lng>0</Geo_lng>
    <DB_id>AQ</DB_id>
  </MetaLocationModel>
  <MetaLocationModel>
    <ID>4</ID>
    <ISO>AG</ISO>
    <LocalName>Antigua and Barbuda</LocalName>
    <Type>Country</Type>
    <In_Location>-1</In_Location>
    <Geo_lat>17.05</Geo_lat>
    <Geo_lng>-61.8</Geo_lng>
    <DB_id>AG</DB_id>
  </MetaLocationModel>
  <MetaLocationModel>
    <ID>11</ID>
    <ISO>AR</ISO>
    <LocalName>Argentina</LocalName>
    <Type>Country</Type>
    <In_Location>-1</In_Location>
    <Geo_lat>-34</Geo_lat>
    <Geo_lng>-64</Geo_lng>
    <DB_id>AR</DB_id>
  </MetaLocationModel>
  <MetaLocationModel>
    <ID>7</ID>
    <ISO>AM</ISO>
    <LocalName>Armenia</LocalName>
    <Type>Country</Type>
    <In_Location>-1</In_Location>
    <Geo_lat>40</Geo_lat>
    <Geo_lng>45</Geo_lng>
    <DB_id>AM</DB_id>
  </MetaLocationModel>
  <MetaLocationModel>
    <ID>15</ID>
    <ISO>AW</ISO>
    <LocalName>Aruba</LocalName>
    <Type>Country</Type>
    <In_Location>-1</In_Location>
    <Geo_lat>12.5</Geo_lat>
    <Geo_lng>-69.9667</Geo_lng>
    <DB_id>AW</DB_id>
  </MetaLocationModel>
  <MetaLocationModel>
    <ID>14</ID>
    <ISO>AU</ISO>
    <LocalName>Australia</LocalName>
    <Type>Country</Type>
    <In_Location>-1</In_Location>
    <Geo_lat>-27</Geo_lat>
    <Geo_lng>133</Geo_lng>
    <DB_id>AU</DB_id>
  </MetaLocationModel>
  <MetaLocationModel>
    <ID>13</ID>
    <ISO>AT</ISO>
    <LocalName>Austria</LocalName>
    <Type>Country</Type>
    <In_Location>-1</In_Location>
    <Geo_lat>47.3333</Geo_lat>
    <Geo_lng>13.3333</Geo_lng>
    <DB_id>AT</DB_id>
  </MetaLocationModel>
  <MetaLocationModel>
    <ID>17</ID>
    <ISO>AZ</ISO>
    <LocalName>Azerbaijan</LocalName>
    <Type>Country</Type>
    <In_Location>-1</In_Location>
    <Geo_lat>40.5</Geo_lat>
    <Geo_lng>47.5</Geo_lng>
    <DB_id>AZ</DB_id>
  </MetaLocationModel>
  <MetaLocationModel>
    <ID>32</ID>
    <ISO>BS</ISO>
    <LocalName>Bahamas</LocalName>
    <Type>Country</Type>
    <In_Location>-1</In_Location>
    <Geo_lat>24.25</Geo_lat>
    <Geo_lng>-76</Geo_lng>
    <DB_id>BS</DB_id>
  </MetaLocationModel>
  <MetaLocationModel>
    <ID>24</ID>
    <ISO>BH</ISO>
    <LocalName>Bahrain</LocalName>
    <Type>Country</Type>
    <In_Location>-1</In_Location>
    <Geo_lat>26</Geo_lat>
    <Geo_lng>50.55</Geo_lng>
    <DB_id>BH</DB_id>
  </MetaLocationModel>
  <MetaLocationModel>
    <ID>20</ID>
    <ISO>BD</ISO>
    <LocalName>Bangladesh</LocalName>
    <Type>Country</Type>
    <In_Location>-1</In_Location>
    <Geo_lat>24</Geo_lat>
    <Geo_lng>90</Geo_lng>
    <DB_id>BD</DB_id>
  </MetaLocationModel>
  <MetaLocationModel>
    <ID>19</ID>
    <ISO>BB</ISO>
    <LocalName>Barbados</LocalName>
    <Type>Country</Type>
    <In_Location>-1</In_Location>
    <Geo_lat>13.1667</Geo_lat>
    <Geo_lng>-59.5333</Geo_lng>
    <DB_id>BB</DB_id>
  </MetaLocationModel>
  <MetaLocationModel>
    <ID>36</ID>
    <ISO>BY</ISO>
    <LocalName>Belarus</LocalName>
    <Type>Country</Type>
    <In_Location>-1</In_Location>
    <Geo_lat>53</Geo_lat>
    <Geo_lng>28</Geo_lng>
    <DB_id>BY</DB_id>
  </MetaLocationModel>
  <MetaLocationModel>
    <ID>21</ID>
    <ISO>BE</ISO>
    <LocalName>Belgium</LocalName>
    <Type>Country</Type>
    <In_Location>-1</In_Location>
    <Geo_lat>50.8333</Geo_lat>
    <Geo_lng>4</Geo_lng>
    <DB_id>BE</DB_id>
  </MetaLocationModel>
  <MetaLocationModel>
    <ID>37</ID>
    <ISO>BZ</ISO>
    <LocalName>Belize</LocalName>
    <Type>Country</Type>
    <In_Location>-1</In_Location>
    <Geo_lat>17.25</Geo_lat>
    <Geo_lng>-88.75</Geo_lng>
    <DB_id>BZ</DB_id>
  </MetaLocationModel>
  <MetaLocationModel>
    <ID>26</ID>
    <ISO>BJ</ISO>
    <LocalName>Benin</LocalName>
    <Type>Country</Type>
    <In_Location>-1</In_Location>
    <Geo_lat>9.5</Geo_lat>
    <Geo_lng>2.25</Geo_lng>
    <DB_id>BJ</DB_id>
  </MetaLocationModel>
  <MetaLocationModel>
    <ID>28</ID>
    <ISO>BM</ISO>
    <LocalName>Bermuda</LocalName>
    <Type>Country</Type>
    <In_Location>-1</In_Location>
    <Geo_lat>32.3333</Geo_lat>
    <Geo_lng>-64.75</Geo_lng>
    <DB_id>BM</DB_id>
  </MetaLocationModel>
  <MetaLocationModel>
    <ID>33</ID>
    <ISO>BT</ISO>
    <LocalName>Bhutan</LocalName>
    <Type>Country</Type>
    <In_Location>-1</In_Location>
    <Geo_lat>27.5</Geo_lat>
    <Geo_lng>90.5</Geo_lng>
    <DB_id>BT</DB_id>
  </MetaLocationModel>
  <MetaLocationModel>
    <ID>30</ID>
    <ISO>BO</ISO>
    <LocalName>BoliviaBolivia, Plurinational state of</LocalName>
    <Type>Country</Type>
    <In_Location>-1</In_Location>
    <Geo_lat>-17</Geo_lat>
    <Geo_lng>-65</Geo_lng>
    <DB_id>BO</DB_id>
  </MetaLocationModel>
  <MetaLocationModel>
    <ID>18</ID>
    <ISO>BA</ISO>
    <LocalName>Bosnia and Herzegovina</LocalName>
    <Type>Country</Type>
    <In_Location>-1</In_Location>
    <Geo_lat>44</Geo_lat>
    <Geo_lng>18</Geo_lng>
    <DB_id>BA</DB_id>
  </MetaLocationModel>
  <MetaLocationModel>
    <ID>35</ID>
    <ISO>BW</ISO>
    <LocalName>Botswana</LocalName>
    <Type>Country</Type>
    <In_Location>-1</In_Location>
    <Geo_lat>-22</Geo_lat>
    <Geo_lng>24</Geo_lng>
    <DB_id>BW</DB_id>
  </MetaLocationModel>
  <MetaLocationModel>
    <ID>34</ID>
    <ISO>BV</ISO>
    <LocalName>Bouvet Island</LocalName>
    <Type>Country</Type>
    <In_Location>-1</In_Location>
    <Geo_lat>-54.4333</Geo_lat>
    <Geo_lng>3.4</Geo_lng>
    <DB_id>BV</DB_id>
  </MetaLocationModel>
  <MetaLocationModel>
    <ID>31</ID>
    <ISO>BR</ISO>
    <LocalName>Brazil</LocalName>
    <Type>Country</Type>
    <In_Location>-1</In_Location>
    <Geo_lat>-10</Geo_lat>
    <Geo_lng>-55</Geo_lng>
    <DB_id>BR</DB_id>
  </MetaLocationModel>
  <MetaLocationModel>
    <ID>105</ID>
    <ISO>IO</ISO>
    <LocalName>British Indian Ocean Territory</LocalName>
    <Type>Country</Type>
    <In_Location>-1</In_Location>
    <Geo_lat>-6</Geo_lat>
    <Geo_lng>71.5</Geo_lng>
    <DB_id>IO</DB_id>
  </MetaLocationModel>
  <MetaLocationModel>
    <ID>29</ID>
    <ISO>BN</ISO>
    <LocalName>Brunei Darussalam</LocalName>
    <Type>Country</Type>
    <In_Location>-1</In_Location>
    <Geo_lat>4.5</Geo_lat>
    <Geo_lng>114.6667</Geo_lng>
    <DB_id>BN</DB_id>
  </MetaLocationModel>
  <MetaLocationModel>
    <ID>23</ID>
    <ISO>BG</ISO>
    <LocalName>Bulgaria</LocalName>
    <Type>Country</Type>
    <In_Location>-1</In_Location>
    <Geo_lat>43</Geo_lat>
    <Geo_lng>25</Geo_lng>
    <DB_id>BG</DB_id>
  </MetaLocationModel>
  <MetaLocationModel>
    <ID>22</ID>
    <ISO>BF</ISO>
    <LocalName>Burkina Faso</LocalName>
    <Type>Country</Type>
    <In_Location>-1</In_Location>
    <Geo_lat>13</Geo_lat>
    <Geo_lng>-2</Geo_lng>
    <DB_id>BF</DB_id>
  </MetaLocationModel>
  <MetaLocationModel>
    <ID>25</ID>
    <ISO>BI</ISO>
    <LocalName>Burundi</LocalName>
    <Type>Country</Type>
    <In_Location>-1</In_Location>
    <Geo_lat>-3.5</Geo_lat>
    <Geo_lng>30</Geo_lng>
    <DB_id>BI</DB_id>
  </MetaLocationModel>
  <MetaLocationModel>
    <ID>116</ID>
    <ISO>KH</ISO>
    <LocalName>Cambodia</LocalName>
    <Type>Country</Type>
    <In_Location>-1</In_Location>
    <Geo_lat>13</Geo_lat>
    <Geo_lng>105</Geo_lng>
    <DB_id>KH</DB_id>
  </MetaLocationModel>
  <MetaLocationModel>
    <ID>47</ID>
    <ISO>CM</ISO>
    <LocalName>Cameroon</LocalName>
    <Type>Country</Type>
    <In_Location>-1</In_Location>
    <Geo_lat>6</Geo_lat>
    <Geo_lng>12</Geo_lng>
    <DB_id>CM</DB_id>
  </MetaLocationModel>
  <MetaLocationModel>
    <ID>38</ID>
    <ISO>CA</ISO>
    <LocalName>Canada</LocalName>
    <Type>Country</Type>
    <In_Location>-1</In_Location>
    <Geo_lat>60</Geo_lat>
    <Geo_lng>-95</Geo_lng>
    <DB_id>CA</DB_id>
  </MetaLocationModel>
  <MetaLocationModel>
    <ID>52</ID>
    <ISO>CV</ISO>
    <LocalName>Cape Verde</LocalName>
    <Type>Country</Type>
    <In_Location>-1</In_Location>
    <Geo_lat>16</Geo_lat>
    <Geo_lng>-24</Geo_lng>
    <DB_id>CV</DB_id>
  </MetaLocationModel>
  <MetaLocationModel>
    <ID>123</ID>
    <ISO>KY</ISO>
    <LocalName>Cayman Islands</LocalName>
    <Type>Country</Type>
    <In_Location>-1</In_Location>
    <Geo_lat>19.5</Geo_lat>
    <Geo_lng>-80.5</Geo_lng>
    <DB_id>KY</DB_id>
  </MetaLocationModel>
  <MetaLocationModel>
    <ID>41</ID>
    <ISO>CF</ISO>
    <LocalName>Central African Republic</LocalName>
    <Type>Country</Type>
    <In_Location>-1</In_Location>
    <Geo_lat>7</Geo_lat>
    <Geo_lng>21</Geo_lng>
    <DB_id>CF</DB_id>
  </MetaLocationModel>
  <MetaLocationModel>
    <ID>212</ID>
    <ISO>TD</ISO>
    <LocalName>Chad</LocalName>
    <Type>Country</Type>
    <In_Location>-1</In_Location>
    <Geo_lat>15</Geo_lat>
    <Geo_lng>19</Geo_lng>
    <DB_id>TD</DB_id>
  </MetaLocationModel>
  <MetaLocationModel>
    <ID>46</ID>
    <ISO>CL</ISO>
    <LocalName>Chile</LocalName>
    <Type>Country</Type>
    <In_Location>-1</In_Location>
    <Geo_lat>-30</Geo_lat>
    <Geo_lng>-71</Geo_lng>
    <DB_id>CL</DB_id>
  </MetaLocationModel>
  <MetaLocationModel>
    <ID>48</ID>
    <ISO>CN</ISO>
    <LocalName>China</LocalName>
    <Type>Country</Type>
    <In_Location>-1</In_Location>
    <Geo_lat>35</Geo_lat>
    <Geo_lng>105</Geo_lng>
    <DB_id>CN</DB_id>
  </MetaLocationModel>
  <MetaLocationModel>
    <ID>53</ID>
    <ISO>CX</ISO>
    <LocalName>Christmas Island</LocalName>
    <Type>Country</Type>
    <In_Location>-1</In_Location>
    <Geo_lat>-10.5</Geo_lat>
    <Geo_lng>105.6667</Geo_lng>
    <DB_id>CX</DB_id>
  </MetaLocationModel>
  <MetaLocationModel>
    <ID>39</ID>
    <ISO>CC</ISO>
    <LocalName>Cocos (Keeling) Islands</LocalName>
    <Type>Country</Type>
    <In_Location>-1</In_Location>
    <Geo_lat>-12.5</Geo_lat>
    <Geo_lng>96.8333</Geo_lng>
    <DB_id>CC</DB_id>
  </MetaLocationModel>
  <MetaLocationModel>
    <ID>49</ID>
    <ISO>CO</ISO>
    <LocalName>Colombia</LocalName>
    <Type>Country</Type>
    <In_Location>-1</In_Location>
    <Geo_lat>4</Geo_lat>
    <Geo_lng>-72</Geo_lng>
    <DB_id>CO</DB_id>
  </MetaLocationModel>
  <MetaLocationModel>
    <ID>118</ID>
    <ISO>KM</ISO>
    <LocalName>Comoros</LocalName>
    <Type>Country</Type>
    <In_Location>-1</In_Location>
    <Geo_lat>-12.1667</Geo_lat>
    <Geo_lng>44.25</Geo_lng>
    <DB_id>KM</DB_id>
  </MetaLocationModel>
  <MetaLocationModel>
    <ID>42</ID>
    <ISO>CG</ISO>
    <LocalName>Congo</LocalName>
    <Type>Country</Type>
    <In_Location>-1</In_Location>
    <Geo_lat>-1</Geo_lat>
    <Geo_lng>15</Geo_lng>
    <DB_id>CG</DB_id>
  </MetaLocationModel>
  <MetaLocationModel>
    <ID>40</ID>
    <ISO>CD</ISO>
    <LocalName>Congo, The Democratic Republic of the</LocalName>
    <Type>Country</Type>
    <In_Location>-1</In_Location>
    <Geo_lat>-4.038333</Geo_lat>
    <Geo_lng>21.758664</Geo_lng>
    <DB_id>CD</DB_id>
  </MetaLocationModel>
  <MetaLocationModel>
    <ID>45</ID>
    <ISO>CK</ISO>
    <LocalName>Cook Islands</LocalName>
    <Type>Country</Type>
    <In_Location>-1</In_Location>
    <Geo_lat>-21.2333</Geo_lat>
    <Geo_lng>-159.7667</Geo_lng>
    <DB_id>CK</DB_id>
  </MetaLocationModel>
  <MetaLocationModel>
    <ID>50</ID>
    <ISO>CR</ISO>
    <LocalName>Costa Rica</LocalName>
    <Type>Country</Type>
    <In_Location>-1</In_Location>
    <Geo_lat>10</Geo_lat>
    <Geo_lng>-84</Geo_lng>
    <DB_id>CR</DB_id>
  </MetaLocationModel>
  <MetaLocationModel>
    <ID>97</ID>
    <ISO>HR</ISO>
    <LocalName>Croatia</LocalName>
    <Type>Country</Type>
    <In_Location>-1</In_Location>
    <Geo_lat>45.1667</Geo_lat>
    <Geo_lng>15.5</Geo_lng>
    <DB_id>HR</DB_id>
  </MetaLocationModel>
  <MetaLocationModel>
    <ID>51</ID>
    <ISO>CU</ISO>
    <LocalName>Cuba</LocalName>
    <Type>Country</Type>
    <In_Location>-1</In_Location>
    <Geo_lat>21.5</Geo_lat>
    <Geo_lng>-80</Geo_lng>
    <DB_id>CU</DB_id>
  </MetaLocationModel>
  <MetaLocationModel>
    <ID>54</ID>
    <ISO>CY</ISO>
    <LocalName>Cyprus</LocalName>
    <Type>Country</Type>
    <In_Location>-1</In_Location>
    <Geo_lat>35</Geo_lat>
    <Geo_lng>33</Geo_lng>
    <DB_id>CY</DB_id>
  </MetaLocationModel>
  <MetaLocationModel>
    <ID>55</ID>
    <ISO>CZ</ISO>
    <LocalName>Czech Republic</LocalName>
    <Type>Country</Type>
    <In_Location>-1</In_Location>
    <Geo_lat>49.75</Geo_lat>
    <Geo_lng>15.5</Geo_lng>
    <DB_id>CZ</DB_id>
  </MetaLocationModel>
  <MetaLocationModel>
    <ID>44</ID>
    <ISO>CI</ISO>
    <LocalName>Côte d'Ivoire</LocalName>
    <Type>Country</Type>
    <In_Location>-1</In_Location>
    <Geo_lat>8</Geo_lat>
    <Geo_lng>-5</Geo_lng>
    <DB_id>CI</DB_id>
  </MetaLocationModel>
  <MetaLocationModel>
    <ID>58</ID>
    <ISO>DK</ISO>
    <LocalName>Denmark</LocalName>
    <Type>Country</Type>
    <In_Location>-1</In_Location>
    <Geo_lat>56</Geo_lat>
    <Geo_lng>10</Geo_lng>
    <DB_id>DK</DB_id>
  </MetaLocationModel>
  <MetaLocationModel>
    <ID>57</ID>
    <ISO>DJ</ISO>
    <LocalName>Djibouti</LocalName>
    <Type>Country</Type>
    <In_Location>-1</In_Location>
    <Geo_lat>11.5</Geo_lat>
    <Geo_lng>43</Geo_lng>
    <DB_id>DJ</DB_id>
  </MetaLocationModel>
  <MetaLocationModel>
    <ID>59</ID>
    <ISO>DM</ISO>
    <LocalName>Dominica</LocalName>
    <Type>Country</Type>
    <In_Location>-1</In_Location>
    <Geo_lat>15.4167</Geo_lat>
    <Geo_lng>-61.3333</Geo_lng>
    <DB_id>DM</DB_id>
  </MetaLocationModel>
  <MetaLocationModel>
    <ID>60</ID>
    <ISO>DO</ISO>
    <LocalName>Dominican Republic</LocalName>
    <Type>Country</Type>
    <In_Location>-1</In_Location>
    <Geo_lat>19</Geo_lat>
    <Geo_lng>-70.6667</Geo_lng>
    <DB_id>DO</DB_id>
  </MetaLocationModel>
  <MetaLocationModel>
    <ID>62</ID>
    <ISO>EC</ISO>
    <LocalName>Ecuador</LocalName>
    <Type>Country</Type>
    <In_Location>-1</In_Location>
    <Geo_lat>-2</Geo_lat>
    <Geo_lng>-77.5</Geo_lng>
    <DB_id>EC</DB_id>
  </MetaLocationModel>
  <MetaLocationModel>
    <ID>64</ID>
    <ISO>EG</ISO>
    <LocalName>Egypt</LocalName>
    <Type>Country</Type>
    <In_Location>-1</In_Location>
    <Geo_lat>27</Geo_lat>
    <Geo_lng>30</Geo_lng>
    <DB_id>EG</DB_id>
  </MetaLocationModel>
  <MetaLocationModel>
    <ID>208</ID>
    <ISO>SV</ISO>
    <LocalName>El Salvador</LocalName>
    <Type>Country</Type>
    <In_Location>-1</In_Location>
    <Geo_lat>13.8333</Geo_lat>
    <Geo_lng>-88.9167</Geo_lng>
    <DB_id>SV</DB_id>
  </MetaLocationModel>
  <MetaLocationModel>
    <ID>87</ID>
    <ISO>GQ</ISO>
    <LocalName>Equatorial Guinea</LocalName>
    <Type>Country</Type>
    <In_Location>-1</In_Location>
    <Geo_lat>2</Geo_lat>
    <Geo_lng>10</Geo_lng>
    <DB_id>GQ</DB_id>
  </MetaLocationModel>
  <MetaLocationModel>
    <ID>66</ID>
    <ISO>ER</ISO>
    <LocalName>Eritrea</LocalName>
    <Type>Country</Type>
    <In_Location>-1</In_Location>
    <Geo_lat>15</Geo_lat>
    <Geo_lng>39</Geo_lng>
    <DB_id>ER</DB_id>
  </MetaLocationModel>
  <MetaLocationModel>
    <ID>63</ID>
    <ISO>EE</ISO>
    <LocalName>Estonia</LocalName>
    <Type>Country</Type>
    <In_Location>-1</In_Location>
    <Geo_lat>59</Geo_lat>
    <Geo_lng>26</Geo_lng>
    <DB_id>EE</DB_id>
  </MetaLocationModel>
  <MetaLocationModel>
    <ID>68</ID>
    <ISO>ET</ISO>
    <LocalName>Ethiopia</LocalName>
    <Type>Country</Type>
    <In_Location>-1</In_Location>
    <Geo_lat>8</Geo_lat>
    <Geo_lng>38</Geo_lng>
    <DB_id>ET</DB_id>
  </MetaLocationModel>
  <MetaLocationModel>
    <ID>71</ID>
    <ISO>FK</ISO>
    <LocalName>Falkland Islands (Malvinas)</LocalName>
    <Type>Country</Type>
    <In_Location>-1</In_Location>
    <Geo_lat>-51.75</Geo_lat>
    <Geo_lng>-59</Geo_lng>
    <DB_id>FK</DB_id>
  </MetaLocationModel>
  <MetaLocationModel>
    <ID>73</ID>
    <ISO>FO</ISO>
    <LocalName>Faroe Islands</LocalName>
    <Type>Country</Type>
    <In_Location>-1</In_Location>
    <Geo_lat>62</Geo_lat>
    <Geo_lng>-7</Geo_lng>
    <DB_id>FO</DB_id>
  </MetaLocationModel>
  <MetaLocationModel>
    <ID>70</ID>
    <ISO>FJ</ISO>
    <LocalName>Fiji</LocalName>
    <Type>Country</Type>
    <In_Location>-1</In_Location>
    <Geo_lat>-18</Geo_lat>
    <Geo_lng>175</Geo_lng>
    <DB_id>FJ</DB_id>
  </MetaLocationModel>
  <MetaLocationModel>
    <ID>69</ID>
    <ISO>FI</ISO>
    <LocalName>Finland</LocalName>
    <Type>Country</Type>
    <In_Location>-1</In_Location>
    <Geo_lat>64</Geo_lat>
    <Geo_lng>26</Geo_lng>
    <DB_id>FI</DB_id>
  </MetaLocationModel>
  <MetaLocationModel>
    <ID>74</ID>
    <ISO>FR</ISO>
    <LocalName>France</LocalName>
    <Type>Country</Type>
    <In_Location>-1</In_Location>
    <Geo_lat>46</Geo_lat>
    <Geo_lng>2</Geo_lng>
    <DB_id>FR</DB_id>
  </MetaLocationModel>
  <MetaLocationModel>
    <ID>79</ID>
    <ISO>GF</ISO>
    <LocalName>French Guiana</LocalName>
    <Type>Country</Type>
    <In_Location>-1</In_Location>
    <Geo_lat>4</Geo_lat>
    <Geo_lng>-53</Geo_lng>
    <DB_id>GF</DB_id>
  </MetaLocationModel>
  <MetaLocationModel>
    <ID>174</ID>
    <ISO>PF</ISO>
    <LocalName>French Polynesia</LocalName>
    <Type>Country</Type>
    <In_Location>-1</In_Location>
    <Geo_lat>-15</Geo_lat>
    <Geo_lng>-140</Geo_lng>
    <DB_id>PF</DB_id>
  </MetaLocationModel>
  <MetaLocationModel>
    <ID>213</ID>
    <ISO>TF</ISO>
    <LocalName>French Southern Territories</LocalName>
    <Type>Country</Type>
    <In_Location>-1</In_Location>
    <Geo_lat>-49.44996</Geo_lat>
    <Geo_lng>70.024982</Geo_lng>
    <DB_id>TF</DB_id>
  </MetaLocationModel>
  <MetaLocationModel>
    <ID>75</ID>
    <ISO>GA</ISO>
    <LocalName>Gabon</LocalName>
    <Type>Country</Type>
    <In_Location>-1</In_Location>
    <Geo_lat>-1</Geo_lat>
    <Geo_lng>11.75</Geo_lng>
    <DB_id>GA</DB_id>
  </MetaLocationModel>
  <MetaLocationModel>
    <ID>84</ID>
    <ISO>GM</ISO>
    <LocalName>Gambia</LocalName>
    <Type>Country</Type>
    <In_Location>-1</In_Location>
    <Geo_lat>13.4667</Geo_lat>
    <Geo_lng>-16.5667</Geo_lng>
    <DB_id>GM</DB_id>
  </MetaLocationModel>
  <MetaLocationModel>
    <ID>78</ID>
    <ISO>GE</ISO>
    <LocalName>Georgia</LocalName>
    <Type>Country</Type>
    <In_Location>-1</In_Location>
    <Geo_lat>42</Geo_lat>
    <Geo_lng>43.5</Geo_lng>
    <DB_id>GE</DB_id>
  </MetaLocationModel>
  <MetaLocationModel>
    <ID>56</ID>
    <ISO>DE</ISO>
    <LocalName>Germany</LocalName>
    <Type>Country</Type>
    <In_Location>-1</In_Location>
    <Geo_lat>51</Geo_lat>
    <Geo_lng>9</Geo_lng>
    <DB_id>DE</DB_id>
  </MetaLocationModel>
  <MetaLocationModel>
    <ID>81</ID>
    <ISO>GH</ISO>
    <LocalName>Ghana</LocalName>
    <Type>Country</Type>
    <In_Location>-1</In_Location>
    <Geo_lat>8</Geo_lat>
    <Geo_lng>-2</Geo_lng>
    <DB_id>GH</DB_id>
  </MetaLocationModel>
  <MetaLocationModel>
    <ID>82</ID>
    <ISO>GI</ISO>
    <LocalName>Gibraltar</LocalName>
    <Type>Country</Type>
    <In_Location>-1</In_Location>
    <Geo_lat>36.1833</Geo_lat>
    <Geo_lng>-5.3667</Geo_lng>
    <DB_id>GI</DB_id>
  </MetaLocationModel>
  <MetaLocationModel>
    <ID>88</ID>
    <ISO>GR</ISO>
    <LocalName>Greece</LocalName>
    <Type>Country</Type>
    <In_Location>-1</In_Location>
    <Geo_lat>39</Geo_lat>
    <Geo_lng>22</Geo_lng>
    <DB_id>GR</DB_id>
  </MetaLocationModel>
  <MetaLocationModel>
    <ID>83</ID>
    <ISO>GL</ISO>
    <LocalName>Greenland</LocalName>
    <Type>Country</Type>
    <In_Location>-1</In_Location>
    <Geo_lat>72</Geo_lat>
    <Geo_lng>-40</Geo_lng>
    <DB_id>GL</DB_id>
  </MetaLocationModel>
  <MetaLocationModel>
    <ID>77</ID>
    <ISO>GD</ISO>
    <LocalName>Grenada</LocalName>
    <Type>Country</Type>
    <In_Location>-1</In_Location>
    <Geo_lat>12.1167</Geo_lat>
    <Geo_lng>-61.6667</Geo_lng>
    <DB_id>GD</DB_id>
  </MetaLocationModel>
  <MetaLocationModel>
    <ID>86</ID>
    <ISO>GP</ISO>
    <LocalName>Guadeloupe</LocalName>
    <Type>Country</Type>
    <In_Location>-1</In_Location>
    <Geo_lat>16.25</Geo_lat>
    <Geo_lng>-61.5833</Geo_lng>
    <DB_id>GP</DB_id>
  </MetaLocationModel>
  <MetaLocationModel>
    <ID>91</ID>
    <ISO>GU</ISO>
    <LocalName>Guam</LocalName>
    <Type>Country</Type>
    <In_Location>-1</In_Location>
    <Geo_lat>13.4667</Geo_lat>
    <Geo_lng>144.7833</Geo_lng>
    <DB_id>GU</DB_id>
  </MetaLocationModel>
  <MetaLocationModel>
    <ID>90</ID>
    <ISO>GT</ISO>
    <LocalName>Guatemala</LocalName>
    <Type>Country</Type>
    <In_Location>-1</In_Location>
    <Geo_lat>15.5</Geo_lat>
    <Geo_lng>-90.25</Geo_lng>
    <DB_id>GT</DB_id>
  </MetaLocationModel>
  <MetaLocationModel>
    <ID>80</ID>
    <ISO>GG</ISO>
    <LocalName>Guernsey</LocalName>
    <Type>Country</Type>
    <In_Location>-1</In_Location>
    <Geo_lat>49.465691</Geo_lat>
    <Geo_lng>-2.585278</Geo_lng>
    <DB_id>GG</DB_id>
  </MetaLocationModel>
  <MetaLocationModel>
    <ID>85</ID>
    <ISO>GN</ISO>
    <LocalName>Guinea</LocalName>
    <Type>Country</Type>
    <In_Location>-1</In_Location>
    <Geo_lat>11</Geo_lat>
    <Geo_lng>-10</Geo_lng>
    <DB_id>GN</DB_id>
  </MetaLocationModel>
  <MetaLocationModel>
    <ID>92</ID>
    <ISO>GW</ISO>
    <LocalName>Guinea-Bissau</LocalName>
    <Type>Country</Type>
    <In_Location>-1</In_Location>
    <Geo_lat>12</Geo_lat>
    <Geo_lng>-15</Geo_lng>
    <DB_id>GW</DB_id>
  </MetaLocationModel>
  <MetaLocationModel>
    <ID>93</ID>
    <ISO>GY</ISO>
    <LocalName>Guyana</LocalName>
    <Type>Country</Type>
    <In_Location>-1</In_Location>
    <Geo_lat>5</Geo_lat>
    <Geo_lng>-59</Geo_lng>
    <DB_id>GY</DB_id>
  </MetaLocationModel>
  <MetaLocationModel>
    <ID>98</ID>
    <ISO>HT</ISO>
    <LocalName>Haiti</LocalName>
    <Type>Country</Type>
    <In_Location>-1</In_Location>
    <Geo_lat>19</Geo_lat>
    <Geo_lng>-72.4167</Geo_lng>
    <DB_id>HT</DB_id>
  </MetaLocationModel>
  <MetaLocationModel>
    <ID>95</ID>
    <ISO>HM</ISO>
    <LocalName>Heard Island and McDonald Islands</LocalName>
    <Type>Country</Type>
    <In_Location>-1</In_Location>
    <Geo_lat>-53.1</Geo_lat>
    <Geo_lng>72.5167</Geo_lng>
    <DB_id>HM</DB_id>
  </MetaLocationModel>
  <MetaLocationModel>
    <ID>233</ID>
    <ISO>VA</ISO>
    <LocalName>Holy See (Vatican City State)</LocalName>
    <Type>Country</Type>
    <In_Location>-1</In_Location>
    <Geo_lat>41.9</Geo_lat>
    <Geo_lng>12.45</Geo_lng>
    <DB_id>VA</DB_id>
  </MetaLocationModel>
  <MetaLocationModel>
    <ID>96</ID>
    <ISO>HN</ISO>
    <LocalName>Honduras</LocalName>
    <Type>Country</Type>
    <In_Location>-1</In_Location>
    <Geo_lat>15</Geo_lat>
    <Geo_lng>-86.5</Geo_lng>
    <DB_id>HN</DB_id>
  </MetaLocationModel>
  <MetaLocationModel>
    <ID>94</ID>
    <ISO>HK</ISO>
    <LocalName>Hong Kong</LocalName>
    <Type>Country</Type>
    <In_Location>-1</In_Location>
    <Geo_lat>22.25</Geo_lat>
    <Geo_lng>114.1667</Geo_lng>
    <DB_id>HK</DB_id>
  </MetaLocationModel>
  <MetaLocationModel>
    <ID>99</ID>
    <ISO>HU</ISO>
    <LocalName>Hungary</LocalName>
    <Type>Country</Type>
    <In_Location>-1</In_Location>
    <Geo_lat>47</Geo_lat>
    <Geo_lng>20</Geo_lng>
    <DB_id>HU</DB_id>
  </MetaLocationModel>
  <MetaLocationModel>
    <ID>108</ID>
    <ISO>IS</ISO>
    <LocalName>Iceland</LocalName>
    <Type>Country</Type>
    <In_Location>-1</In_Location>
    <Geo_lat>65</Geo_lat>
    <Geo_lng>-18</Geo_lng>
    <DB_id>IS</DB_id>
  </MetaLocationModel>
  <MetaLocationModel>
    <ID>104</ID>
    <ISO>IN</ISO>
    <LocalName>India</LocalName>
    <Type>Country</Type>
    <In_Location>-1</In_Location>
    <Geo_lat>20</Geo_lat>
    <Geo_lng>77</Geo_lng>
    <DB_id>IN</DB_id>
  </MetaLocationModel>
  <MetaLocationModel>
    <ID>100</ID>
    <ISO>ID</ISO>
    <LocalName>Indonesia</LocalName>
    <Type>Country</Type>
    <In_Location>-1</In_Location>
    <Geo_lat>-5</Geo_lat>
    <Geo_lng>120</Geo_lng>
    <DB_id>ID</DB_id>
  </MetaLocationModel>
  <MetaLocationModel>
    <ID>107</ID>
    <ISO>IR</ISO>
    <LocalName>Iran, Islamic Republic of</LocalName>
    <Type>Country</Type>
    <In_Location>-1</In_Location>
    <Geo_lat>32</Geo_lat>
    <Geo_lng>53</Geo_lng>
    <DB_id>IR</DB_id>
  </MetaLocationModel>
  <MetaLocationModel>
    <ID>106</ID>
    <ISO>IQ</ISO>
    <LocalName>Iraq</LocalName>
    <Type>Country</Type>
    <In_Location>-1</In_Location>
    <Geo_lat>33</Geo_lat>
    <Geo_lng>44</Geo_lng>
    <DB_id>IQ</DB_id>
  </MetaLocationModel>
  <MetaLocationModel>
    <ID>101</ID>
    <ISO>IE</ISO>
    <LocalName>Ireland</LocalName>
    <Type>Country</Type>
    <In_Location>-1</In_Location>
    <Geo_lat>53</Geo_lat>
    <Geo_lng>-8</Geo_lng>
    <DB_id>IE</DB_id>
  </MetaLocationModel>
  <MetaLocationModel>
    <ID>103</ID>
    <ISO>IM</ISO>
    <LocalName>Isle of Man</LocalName>
    <Type>Country</Type>
    <In_Location>-1</In_Location>
    <Geo_lat>54.236107</Geo_lat>
    <Geo_lng>-4.548056</Geo_lng>
    <DB_id>IM</DB_id>
  </MetaLocationModel>
  <MetaLocationModel>
    <ID>102</ID>
    <ISO>IL</ISO>
    <LocalName>Israel</LocalName>
    <Type>Country</Type>
    <In_Location>-1</In_Location>
    <Geo_lat>31.5</Geo_lat>
    <Geo_lng>34.75</Geo_lng>
    <DB_id>IL</DB_id>
  </MetaLocationModel>
  <MetaLocationModel>
    <ID>109</ID>
    <ISO>IT</ISO>
    <LocalName>Italy</LocalName>
    <Type>Country</Type>
    <In_Location>-1</In_Location>
    <Geo_lat>42.8333</Geo_lat>
    <Geo_lng>12.8333</Geo_lng>
    <DB_id>IT</DB_id>
  </MetaLocationModel>
  <MetaLocationModel>
    <ID>111</ID>
    <ISO>JM</ISO>
    <LocalName>Jamaica</LocalName>
    <Type>Country</Type>
    <In_Location>-1</In_Location>
    <Geo_lat>18.25</Geo_lat>
    <Geo_lng>-77.5</Geo_lng>
    <DB_id>JM</DB_id>
  </MetaLocationModel>
  <MetaLocationModel>
    <ID>113</ID>
    <ISO>JP</ISO>
    <LocalName>Japan</LocalName>
    <Type>Country</Type>
    <In_Location>-1</In_Location>
    <Geo_lat>36</Geo_lat>
    <Geo_lng>138</Geo_lng>
    <DB_id>JP</DB_id>
  </MetaLocationModel>
  <MetaLocationModel>
    <ID>110</ID>
    <ISO>JE</ISO>
    <LocalName>Jersey</LocalName>
    <Type>Country</Type>
    <In_Location>-1</In_Location>
    <Geo_lat>49.214439</Geo_lat>
    <Geo_lng>-2.13125</Geo_lng>
    <DB_id>JE</DB_id>
  </MetaLocationModel>
  <MetaLocationModel>
    <ID>112</ID>
    <ISO>JO</ISO>
    <LocalName>Jordan</LocalName>
    <Type>Country</Type>
    <In_Location>-1</In_Location>
    <Geo_lat>31</Geo_lat>
    <Geo_lng>36</Geo_lng>
    <DB_id>JO</DB_id>
  </MetaLocationModel>
  <MetaLocationModel>
    <ID>124</ID>
    <ISO>KZ</ISO>
    <LocalName>Kazakhstan</LocalName>
    <Type>Country</Type>
    <In_Location>-1</In_Location>
    <Geo_lat>48</Geo_lat>
    <Geo_lng>68</Geo_lng>
    <DB_id>KZ</DB_id>
  </MetaLocationModel>
  <MetaLocationModel>
    <ID>114</ID>
    <ISO>KE</ISO>
    <LocalName>Kenya</LocalName>
    <Type>Country</Type>
    <In_Location>-1</In_Location>
    <Geo_lat>1</Geo_lat>
    <Geo_lng>38</Geo_lng>
    <DB_id>KE</DB_id>
  </MetaLocationModel>
  <MetaLocationModel>
    <ID>117</ID>
    <ISO>KI</ISO>
    <LocalName>Kiribati</LocalName>
    <Type>Country</Type>
    <In_Location>-1</In_Location>
    <Geo_lat>1.4167</Geo_lat>
    <Geo_lng>173</Geo_lng>
    <DB_id>KI</DB_id>
  </MetaLocationModel>
  <MetaLocationModel>
    <ID>120</ID>
    <ISO>KP</ISO>
    <LocalName>Korea, Democratic People&amp;#39;s Republic of</LocalName>
    <Type>Country</Type>
    <In_Location>-1</In_Location>
    <Geo_lat>40</Geo_lat>
    <Geo_lng>127</Geo_lng>
    <DB_id>KP</DB_id>
  </MetaLocationModel>
  <MetaLocationModel>
    <ID>121</ID>
    <ISO>KR</ISO>
    <LocalName>Korea, Republic of</LocalName>
    <Type>Country</Type>
    <In_Location>-1</In_Location>
    <Geo_lat>37</Geo_lat>
    <Geo_lng>127.5</Geo_lng>
    <DB_id>KR</DB_id>
  </MetaLocationModel>
  <MetaLocationModel>
    <ID>122</ID>
    <ISO>KW</ISO>
    <LocalName>Kuwait</LocalName>
    <Type>Country</Type>
    <In_Location>-1</In_Location>
    <Geo_lat>29.5</Geo_lat>
    <Geo_lng>45.75</Geo_lng>
    <DB_id>KW</DB_id>
  </MetaLocationModel>
  <MetaLocationModel>
    <ID>115</ID>
    <ISO>KG</ISO>
    <LocalName>Kyrgyzstan</LocalName>
    <Type>Country</Type>
    <In_Location>-1</In_Location>
    <Geo_lat>41</Geo_lat>
    <Geo_lng>75</Geo_lng>
    <DB_id>KG</DB_id>
  </MetaLocationModel>
  <MetaLocationModel>
    <ID>125</ID>
    <ISO>LA</ISO>
    <LocalName>Lao People&amp;#39;s Democratic Republic</LocalName>
    <Type>Country</Type>
    <In_Location>-1</In_Location>
    <Geo_lat>18</Geo_lat>
    <Geo_lng>105</Geo_lng>
    <DB_id>LA</DB_id>
  </MetaLocationModel>
  <MetaLocationModel>
    <ID>134</ID>
    <ISO>LV</ISO>
    <LocalName>Latvia</LocalName>
    <Type>Country</Type>
    <In_Location>-1</In_Location>
    <Geo_lat>57</Geo_lat>
    <Geo_lng>25</Geo_lng>
    <DB_id>LV</DB_id>
  </MetaLocationModel>
  <MetaLocationModel>
    <ID>126</ID>
    <ISO>LB</ISO>
    <LocalName>Lebanon</LocalName>
    <Type>Country</Type>
    <In_Location>-1</In_Location>
    <Geo_lat>33.8333</Geo_lat>
    <Geo_lng>35.8333</Geo_lng>
    <DB_id>LB</DB_id>
  </MetaLocationModel>
  <MetaLocationModel>
    <ID>131</ID>
    <ISO>LS</ISO>
    <LocalName>Lesotho</LocalName>
    <Type>Country</Type>
    <In_Location>-1</In_Location>
    <Geo_lat>-29.5</Geo_lat>
    <Geo_lng>28.5</Geo_lng>
    <DB_id>LS</DB_id>
  </MetaLocationModel>
  <MetaLocationModel>
    <ID>130</ID>
    <ISO>LR</ISO>
    <LocalName>Liberia</LocalName>
    <Type>Country</Type>
    <In_Location>-1</In_Location>
    <Geo_lat>6.5</Geo_lat>
    <Geo_lng>-9.5</Geo_lng>
    <DB_id>LR</DB_id>
  </MetaLocationModel>
  <MetaLocationModel>
    <ID>135</ID>
    <ISO>LY</ISO>
    <LocalName>Libyan Arab Jamahiriya</LocalName>
    <Type>Country</Type>
    <In_Location>-1</In_Location>
    <Geo_lat>25</Geo_lat>
    <Geo_lng>17</Geo_lng>
    <DB_id>LY</DB_id>
  </MetaLocationModel>
  <MetaLocationModel>
    <ID>128</ID>
    <ISO>LI</ISO>
    <LocalName>Liechtenstein</LocalName>
    <Type>Country</Type>
    <In_Location>-1</In_Location>
    <Geo_lat>47.1667</Geo_lat>
    <Geo_lng>9.5333</Geo_lng>
    <DB_id>LI</DB_id>
  </MetaLocationModel>
  <MetaLocationModel>
    <ID>132</ID>
    <ISO>LT</ISO>
    <LocalName>Lithuania</LocalName>
    <Type>Country</Type>
    <In_Location>-1</In_Location>
    <Geo_lat>56</Geo_lat>
    <Geo_lng>24</Geo_lng>
    <DB_id>LT</DB_id>
  </MetaLocationModel>
  <MetaLocationModel>
    <ID>133</ID>
    <ISO>LU</ISO>
    <LocalName>Luxembourg</LocalName>
    <Type>Country</Type>
    <In_Location>-1</In_Location>
    <Geo_lat>49.75</Geo_lat>
    <Geo_lng>6.1667</Geo_lng>
    <DB_id>LU</DB_id>
  </MetaLocationModel>
  <MetaLocationModel>
    <ID>147</ID>
    <ISO>MO</ISO>
    <LocalName>Macao</LocalName>
    <Type>Country</Type>
    <In_Location>-1</In_Location>
    <Geo_lat>22.1667</Geo_lat>
    <Geo_lng>113.55</Geo_lng>
    <DB_id>MO</DB_id>
  </MetaLocationModel>
  <MetaLocationModel>
    <ID>143</ID>
    <ISO>MK</ISO>
    <LocalName>Macedonia</LocalName>
    <Type>Country</Type>
    <In_Location>-1</In_Location>
    <Geo_lat>41.8333</Geo_lat>
    <Geo_lng>22</Geo_lng>
    <DB_id>MK</DB_id>
  </MetaLocationModel>
  <MetaLocationModel>
    <ID>141</ID>
    <ISO>MG</ISO>
    <LocalName>Madagascar</LocalName>
    <Type>Country</Type>
    <In_Location>-1</In_Location>
    <Geo_lat>-20</Geo_lat>
    <Geo_lng>47</Geo_lng>
    <DB_id>MG</DB_id>
  </MetaLocationModel>
  <MetaLocationModel>
    <ID>155</ID>
    <ISO>MW</ISO>
    <LocalName>Malawi</LocalName>
    <Type>Country</Type>
    <In_Location>-1</In_Location>
    <Geo_lat>-13.5</Geo_lat>
    <Geo_lng>34</Geo_lng>
    <DB_id>MW</DB_id>
  </MetaLocationModel>
  <MetaLocationModel>
    <ID>157</ID>
    <ISO>MY</ISO>
    <LocalName>Malaysia</LocalName>
    <Type>Country</Type>
    <In_Location>-1</In_Location>
    <Geo_lat>2.5</Geo_lat>
    <Geo_lng>112.5</Geo_lng>
    <DB_id>MY</DB_id>
  </MetaLocationModel>
  <MetaLocationModel>
    <ID>154</ID>
    <ISO>MV</ISO>
    <LocalName>Maldives</LocalName>
    <Type>Country</Type>
    <In_Location>-1</In_Location>
    <Geo_lat>3.25</Geo_lat>
    <Geo_lng>73</Geo_lng>
    <DB_id>MV</DB_id>
  </MetaLocationModel>
  <MetaLocationModel>
    <ID>144</ID>
    <ISO>ML</ISO>
    <LocalName>Mali</LocalName>
    <Type>Country</Type>
    <In_Location>-1</In_Location>
    <Geo_lat>17</Geo_lat>
    <Geo_lng>-4</Geo_lng>
    <DB_id>ML</DB_id>
  </MetaLocationModel>
  <MetaLocationModel>
    <ID>152</ID>
    <ISO>MT</ISO>
    <LocalName>Malta</LocalName>
    <Type>Country</Type>
    <In_Location>-1</In_Location>
    <Geo_lat>35.8333</Geo_lat>
    <Geo_lng>14.5833</Geo_lng>
    <DB_id>MT</DB_id>
  </MetaLocationModel>
  <MetaLocationModel>
    <ID>142</ID>
    <ISO>MH</ISO>
    <LocalName>Marshall Islands</LocalName>
    <Type>Country</Type>
    <In_Location>-1</In_Location>
    <Geo_lat>9</Geo_lat>
    <Geo_lng>168</Geo_lng>
    <DB_id>MH</DB_id>
  </MetaLocationModel>
  <MetaLocationModel>
    <ID>149</ID>
    <ISO>MQ</ISO>
    <LocalName>Martinique</LocalName>
    <Type>Country</Type>
    <In_Location>-1</In_Location>
    <Geo_lat>14.6667</Geo_lat>
    <Geo_lng>-61</Geo_lng>
    <DB_id>MQ</DB_id>
  </MetaLocationModel>
  <MetaLocationModel>
    <ID>150</ID>
    <ISO>MR</ISO>
    <LocalName>Mauritania</LocalName>
    <Type>Country</Type>
    <In_Location>-1</In_Location>
    <Geo_lat>20</Geo_lat>
    <Geo_lng>-12</Geo_lng>
    <DB_id>MR</DB_id>
  </MetaLocationModel>
  <MetaLocationModel>
    <ID>153</ID>
    <ISO>MU</ISO>
    <LocalName>Mauritius</LocalName>
    <Type>Country</Type>
    <In_Location>-1</In_Location>
    <Geo_lat>-20.2833</Geo_lat>
    <Geo_lng>57.55</Geo_lng>
    <DB_id>MU</DB_id>
  </MetaLocationModel>
  <MetaLocationModel>
    <ID>243</ID>
    <ISO>YT</ISO>
    <LocalName>Mayotte</LocalName>
    <Type>Country</Type>
    <In_Location>-1</In_Location>
    <Geo_lat>-12.8333</Geo_lat>
    <Geo_lng>45.1667</Geo_lng>
    <DB_id>YT</DB_id>
  </MetaLocationModel>
  <MetaLocationModel>
    <ID>156</ID>
    <ISO>MX</ISO>
    <LocalName>Mexico</LocalName>
    <Type>Country</Type>
    <In_Location>-1</In_Location>
    <Geo_lat>23</Geo_lat>
    <Geo_lng>-102</Geo_lng>
    <DB_id>MX</DB_id>
  </MetaLocationModel>
  <MetaLocationModel>
    <ID>72</ID>
    <ISO>FM</ISO>
    <LocalName>Micronesia, Federated States of</LocalName>
    <Type>Country</Type>
    <In_Location>-1</In_Location>
    <Geo_lat>6.9167</Geo_lat>
    <Geo_lng>158.25</Geo_lng>
    <DB_id>FM</DB_id>
  </MetaLocationModel>
  <MetaLocationModel>
    <ID>138</ID>
    <ISO>MD</ISO>
    <LocalName>Moldova, Republic of</LocalName>
    <Type>Country</Type>
    <In_Location>-1</In_Location>
    <Geo_lat>47</Geo_lat>
    <Geo_lng>29</Geo_lng>
    <DB_id>MD</DB_id>
  </MetaLocationModel>
  <MetaLocationModel>
    <ID>137</ID>
    <ISO>MC</ISO>
    <LocalName>Monaco</LocalName>
    <Type>Country</Type>
    <In_Location>-1</In_Location>
    <Geo_lat>43.7333</Geo_lat>
    <Geo_lng>7.4</Geo_lng>
    <DB_id>MC</DB_id>
  </MetaLocationModel>
  <MetaLocationModel>
    <ID>146</ID>
    <ISO>MN</ISO>
    <LocalName>Mongolia</LocalName>
    <Type>Country</Type>
    <In_Location>-1</In_Location>
    <Geo_lat>46</Geo_lat>
    <Geo_lng>105</Geo_lng>
    <DB_id>MN</DB_id>
  </MetaLocationModel>
  <MetaLocationModel>
    <ID>139</ID>
    <ISO>ME</ISO>
    <LocalName>Montenegro</LocalName>
    <Type>Country</Type>
    <In_Location>-1</In_Location>
    <Geo_lat>42.572638</Geo_lat>
    <Geo_lng>18.807756</Geo_lng>
    <DB_id>ME</DB_id>
  </MetaLocationModel>
  <MetaLocationModel>
    <ID>151</ID>
    <ISO>MS</ISO>
    <LocalName>Montserrat</LocalName>
    <Type>Country</Type>
    <In_Location>-1</In_Location>
    <Geo_lat>16.75</Geo_lat>
    <Geo_lng>-62.2</Geo_lng>
    <DB_id>MS</DB_id>
  </MetaLocationModel>
  <MetaLocationModel>
    <ID>136</ID>
    <ISO>MA</ISO>
    <LocalName>Morocco</LocalName>
    <Type>Country</Type>
    <In_Location>-1</In_Location>
    <Geo_lat>32</Geo_lat>
    <Geo_lng>-5</Geo_lng>
    <DB_id>MA</DB_id>
  </MetaLocationModel>
  <MetaLocationModel>
    <ID>158</ID>
    <ISO>MZ</ISO>
    <LocalName>Mozambique</LocalName>
    <Type>Country</Type>
    <In_Location>-1</In_Location>
    <Geo_lat>-18.25</Geo_lat>
    <Geo_lng>35</Geo_lng>
    <DB_id>MZ</DB_id>
  </MetaLocationModel>
  <MetaLocationModel>
    <ID>145</ID>
    <ISO>MM</ISO>
    <LocalName>Myanmar</LocalName>
    <Type>Country</Type>
    <In_Location>-1</In_Location>
    <Geo_lat>21.913965</Geo_lat>
    <Geo_lng>95.956223</Geo_lng>
    <DB_id>MM</DB_id>
  </MetaLocationModel>
  <MetaLocationModel>
    <ID>159</ID>
    <ISO>NA</ISO>
    <LocalName>Namibia</LocalName>
    <Type>Country</Type>
    <In_Location>-1</In_Location>
    <Geo_lat>-22</Geo_lat>
    <Geo_lng>17</Geo_lng>
    <DB_id>NA</DB_id>
  </MetaLocationModel>
  <MetaLocationModel>
    <ID>168</ID>
    <ISO>NR</ISO>
    <LocalName>Nauru</LocalName>
    <Type>Country</Type>
    <In_Location>-1</In_Location>
    <Geo_lat>-0.5333</Geo_lat>
    <Geo_lng>166.9167</Geo_lng>
    <DB_id>NR</DB_id>
  </MetaLocationModel>
  <MetaLocationModel>
    <ID>167</ID>
    <ISO>NP</ISO>
    <LocalName>Nepal</LocalName>
    <Type>Country</Type>
    <In_Location>-1</In_Location>
    <Geo_lat>28</Geo_lat>
    <Geo_lng>84</Geo_lng>
    <DB_id>NP</DB_id>
  </MetaLocationModel>
  <MetaLocationModel>
    <ID>165</ID>
    <ISO>NL</ISO>
    <LocalName>Netherlands</LocalName>
    <Type>Country</Type>
    <In_Location>-1</In_Location>
    <Geo_lat>52.5</Geo_lat>
    <Geo_lng>5.75</Geo_lng>
    <DB_id>NL</DB_id>
  </MetaLocationModel>
  <MetaLocationModel>
    <ID>8</ID>
    <ISO>AN</ISO>
    <LocalName>Netherlands Antilles</LocalName>
    <Type>Country</Type>
    <In_Location>-1</In_Location>
    <Geo_lat>12.25</Geo_lat>
    <Geo_lng>-68.75</Geo_lng>
    <DB_id>AN</DB_id>
  </MetaLocationModel>
  <MetaLocationModel>
    <ID>160</ID>
    <ISO>NC</ISO>
    <LocalName>New Caledonia</LocalName>
    <Type>Country</Type>
    <In_Location>-1</In_Location>
    <Geo_lat>-21.5</Geo_lat>
    <Geo_lng>165.5</Geo_lng>
    <DB_id>NC</DB_id>
  </MetaLocationModel>
  <MetaLocationModel>
    <ID>170</ID>
    <ISO>NZ</ISO>
    <LocalName>New Zealand</LocalName>
    <Type>Country</Type>
    <In_Location>-1</In_Location>
    <Geo_lat>-41</Geo_lat>
    <Geo_lng>174</Geo_lng>
    <DB_id>NZ</DB_id>
  </MetaLocationModel>
  <MetaLocationModel>
    <ID>164</ID>
    <ISO>NI</ISO>
    <LocalName>Nicaragua</LocalName>
    <Type>Country</Type>
    <In_Location>-1</In_Location>
    <Geo_lat>13</Geo_lat>
    <Geo_lng>-85</Geo_lng>
    <DB_id>NI</DB_id>
  </MetaLocationModel>
  <MetaLocationModel>
    <ID>161</ID>
    <ISO>NE</ISO>
    <LocalName>Niger</LocalName>
    <Type>Country</Type>
    <In_Location>-1</In_Location>
    <Geo_lat>16</Geo_lat>
    <Geo_lng>8</Geo_lng>
    <DB_id>NE</DB_id>
  </MetaLocationModel>
  <MetaLocationModel>
    <ID>163</ID>
    <ISO>NG</ISO>
    <LocalName>Nigeria</LocalName>
    <Type>Country</Type>
    <In_Location>-1</In_Location>
    <Geo_lat>10</Geo_lat>
    <Geo_lng>8</Geo_lng>
    <DB_id>NG</DB_id>
  </MetaLocationModel>
  <MetaLocationModel>
    <ID>169</ID>
    <ISO>NU</ISO>
    <LocalName>Niue</LocalName>
    <Type>Country</Type>
    <In_Location>-1</In_Location>
    <Geo_lat>-19.0333</Geo_lat>
    <Geo_lng>-169.8667</Geo_lng>
    <DB_id>NU</DB_id>
  </MetaLocationModel>
  <MetaLocationModel>
    <ID>162</ID>
    <ISO>NF</ISO>
    <LocalName>Norfolk Island</LocalName>
    <Type>Country</Type>
    <In_Location>-1</In_Location>
    <Geo_lat>-29.0333</Geo_lat>
    <Geo_lng>167.95</Geo_lng>
    <DB_id>NF</DB_id>
  </MetaLocationModel>
  <MetaLocationModel>
    <ID>148</ID>
    <ISO>MP</ISO>
    <LocalName>Northern Mariana Islands</LocalName>
    <Type>Country</Type>
    <In_Location>-1</In_Location>
    <Geo_lat>15.2</Geo_lat>
    <Geo_lng>145.75</Geo_lng>
    <DB_id>MP</DB_id>
  </MetaLocationModel>
  <MetaLocationModel>
    <ID>166</ID>
    <ISO>NO</ISO>
    <LocalName>Norway</LocalName>
    <Type>Country</Type>
    <In_Location>-1</In_Location>
    <Geo_lat>62</Geo_lat>
    <Geo_lng>10</Geo_lng>
    <DB_id>NO</DB_id>
  </MetaLocationModel>
  <MetaLocationModel>
    <ID>171</ID>
    <ISO>OM</ISO>
    <LocalName>Oman</LocalName>
    <Type>Country</Type>
    <In_Location>-1</In_Location>
    <Geo_lat>21</Geo_lat>
    <Geo_lng>57</Geo_lng>
    <DB_id>OM</DB_id>
  </MetaLocationModel>
  <MetaLocationModel>
    <ID>177</ID>
    <ISO>PK</ISO>
    <LocalName>Pakistan</LocalName>
    <Type>Country</Type>
    <In_Location>-1</In_Location>
    <Geo_lat>30</Geo_lat>
    <Geo_lng>70</Geo_lng>
    <DB_id>PK</DB_id>
  </MetaLocationModel>
  <MetaLocationModel>
    <ID>184</ID>
    <ISO>PW</ISO>
    <LocalName>Palau</LocalName>
    <Type>Country</Type>
    <In_Location>-1</In_Location>
    <Geo_lat>7.5</Geo_lat>
    <Geo_lng>134.5</Geo_lng>
    <DB_id>PW</DB_id>
  </MetaLocationModel>
  <MetaLocationModel>
    <ID>182</ID>
    <ISO>PS</ISO>
    <LocalName>Palestinian Territory, Occupied</LocalName>
    <Type>Country</Type>
    <In_Location>-1</In_Location>
    <Geo_lat>32</Geo_lat>
    <Geo_lng>35.25</Geo_lng>
    <DB_id>PS</DB_id>
  </MetaLocationModel>
  <MetaLocationModel>
    <ID>172</ID>
    <ISO>PA</ISO>
    <LocalName>Panama</LocalName>
    <Type>Country</Type>
    <In_Location>-1</In_Location>
    <Geo_lat>9</Geo_lat>
    <Geo_lng>-80</Geo_lng>
    <DB_id>PA</DB_id>
  </MetaLocationModel>
  <MetaLocationModel>
    <ID>175</ID>
    <ISO>PG</ISO>
    <LocalName>Papua New Guinea</LocalName>
    <Type>Country</Type>
    <In_Location>-1</In_Location>
    <Geo_lat>-6</Geo_lat>
    <Geo_lng>147</Geo_lng>
    <DB_id>PG</DB_id>
  </MetaLocationModel>
  <MetaLocationModel>
    <ID>185</ID>
    <ISO>PY</ISO>
    <LocalName>Paraguay</LocalName>
    <Type>Country</Type>
    <In_Location>-1</In_Location>
    <Geo_lat>-23</Geo_lat>
    <Geo_lng>-58</Geo_lng>
    <DB_id>PY</DB_id>
  </MetaLocationModel>
  <MetaLocationModel>
    <ID>173</ID>
    <ISO>PE</ISO>
    <LocalName>Peru</LocalName>
    <Type>Country</Type>
    <In_Location>-1</In_Location>
    <Geo_lat>-10</Geo_lat>
    <Geo_lng>-76</Geo_lng>
    <DB_id>PE</DB_id>
  </MetaLocationModel>
  <MetaLocationModel>
    <ID>176</ID>
    <ISO>PH</ISO>
    <LocalName>Philippines</LocalName>
    <Type>Country</Type>
    <In_Location>-1</In_Location>
    <Geo_lat>13</Geo_lat>
    <Geo_lng>122</Geo_lng>
    <DB_id>PH</DB_id>
  </MetaLocationModel>
  <MetaLocationModel>
    <ID>180</ID>
    <ISO>PN</ISO>
    <LocalName>Pitcairn</LocalName>
    <Type>Country</Type>
    <In_Location>-1</In_Location>
    <Geo_lat>-24.703615</Geo_lat>
    <Geo_lng>-127.439308</Geo_lng>
    <DB_id>PN</DB_id>
  </MetaLocationModel>
  <MetaLocationModel>
    <ID>178</ID>
    <ISO>PL</ISO>
    <LocalName>Poland</LocalName>
    <Type>Country</Type>
    <In_Location>-1</In_Location>
    <Geo_lat>52</Geo_lat>
    <Geo_lng>20</Geo_lng>
    <DB_id>PL</DB_id>
  </MetaLocationModel>
  <MetaLocationModel>
    <ID>183</ID>
    <ISO>PT</ISO>
    <LocalName>Portugal</LocalName>
    <Type>Country</Type>
    <In_Location>-1</In_Location>
    <Geo_lat>39.5</Geo_lat>
    <Geo_lng>-8</Geo_lng>
    <DB_id>PT</DB_id>
  </MetaLocationModel>
  <MetaLocationModel>
    <ID>181</ID>
    <ISO>PR</ISO>
    <LocalName>Puerto Rico</LocalName>
    <Type>Country</Type>
    <In_Location>-1</In_Location>
    <Geo_lat>18.25</Geo_lat>
    <Geo_lng>-66.5</Geo_lng>
    <DB_id>PR</DB_id>
  </MetaLocationModel>
  <MetaLocationModel>
    <ID>186</ID>
    <ISO>QA</ISO>
    <LocalName>Qatar</LocalName>
    <Type>Country</Type>
    <In_Location>-1</In_Location>
    <Geo_lat>25.5</Geo_lat>
    <Geo_lng>51.25</Geo_lng>
    <DB_id>QA</DB_id>
  </MetaLocationModel>
  <MetaLocationModel>
    <ID>188</ID>
    <ISO>RO</ISO>
    <LocalName>Romania</LocalName>
    <Type>Country</Type>
    <In_Location>-1</In_Location>
    <Geo_lat>46</Geo_lat>
    <Geo_lng>25</Geo_lng>
    <DB_id>RO</DB_id>
  </MetaLocationModel>
  <MetaLocationModel>
    <ID>190</ID>
    <ISO>RU</ISO>
    <LocalName>Russian Federation</LocalName>
    <Type>Country</Type>
    <In_Location>-1</In_Location>
    <Geo_lat>60</Geo_lat>
    <Geo_lng>100</Geo_lng>
    <DB_id>RU</DB_id>
  </MetaLocationModel>
  <MetaLocationModel>
    <ID>191</ID>
    <ISO>RW</ISO>
    <LocalName>Rwanda</LocalName>
    <Type>Country</Type>
    <In_Location>-1</In_Location>
    <Geo_lat>-2</Geo_lat>
    <Geo_lng>30</Geo_lng>
    <DB_id>RW</DB_id>
  </MetaLocationModel>
  <MetaLocationModel>
    <ID>187</ID>
    <ISO>RE</ISO>
    <LocalName>Réunion</LocalName>
    <Type>Country</Type>
    <In_Location>-1</In_Location>
    <Geo_lat>-21.1</Geo_lat>
    <Geo_lng>55.6</Geo_lng>
    <DB_id>RE</DB_id>
  </MetaLocationModel>
  <MetaLocationModel>
    <ID>27</ID>
    <ISO>BL</ISO>
    <LocalName>Saint Barthlemy</LocalName>
    <Type>Country</Type>
    <In_Location>-1</In_Location>
    <Geo_lat>0</Geo_lat>
    <Geo_lng>0</Geo_lng>
    <DB_id>BL</DB_id>
  </MetaLocationModel>
  <MetaLocationModel>
    <ID>198</ID>
    <ISO>SH</ISO>
    <LocalName>Saint Helena</LocalName>
    <Type>Country</Type>
    <In_Location>-1</In_Location>
    <Geo_lat>-15.9333</Geo_lat>
    <Geo_lng>-5.7</Geo_lng>
    <DB_id>SH</DB_id>
  </MetaLocationModel>
  <MetaLocationModel>
    <ID>119</ID>
    <ISO>KN</ISO>
    <LocalName>Saint Kitts and Nevis</LocalName>
    <Type>Country</Type>
    <In_Location>-1</In_Location>
    <Geo_lat>17.3333</Geo_lat>
    <Geo_lng>-62.75</Geo_lng>
    <DB_id>KN</DB_id>
  </MetaLocationModel>
  <MetaLocationModel>
    <ID>127</ID>
    <ISO>LC</ISO>
    <LocalName>Saint Lucia</LocalName>
    <Type>Country</Type>
    <In_Location>-1</In_Location>
    <Geo_lat>13.8833</Geo_lat>
    <Geo_lng>-61.1333</Geo_lng>
    <DB_id>LC</DB_id>
  </MetaLocationModel>
  <MetaLocationModel>
    <ID>140</ID>
    <ISO>MF</ISO>
    <LocalName>Saint Martin</LocalName>
    <Type>Country</Type>
    <In_Location>-1</In_Location>
    <Geo_lat>0</Geo_lat>
    <Geo_lng>0</Geo_lng>
    <DB_id>MF</DB_id>
  </MetaLocationModel>
  <MetaLocationModel>
    <ID>179</ID>
    <ISO>PM</ISO>
    <LocalName>Saint Pierre and Miquelon</LocalName>
    <Type>Country</Type>
    <In_Location>-1</In_Location>
    <Geo_lat>46.8333</Geo_lat>
    <Geo_lng>-56.3333</Geo_lng>
    <DB_id>PM</DB_id>
  </MetaLocationModel>
  <MetaLocationModel>
    <ID>234</ID>
    <ISO>VC</ISO>
    <LocalName>Saint Vincent and the Grenadines</LocalName>
    <Type>Country</Type>
    <In_Location>-1</In_Location>
    <Geo_lat>13.25</Geo_lat>
    <Geo_lng>-61.2</Geo_lng>
    <DB_id>VC</DB_id>
  </MetaLocationModel>
  <MetaLocationModel>
    <ID>241</ID>
    <ISO>WS</ISO>
    <LocalName>Samoa</LocalName>
    <Type>Country</Type>
    <In_Location>-1</In_Location>
    <Geo_lat>-13.5833</Geo_lat>
    <Geo_lng>-172.3333</Geo_lng>
    <DB_id>WS</DB_id>
  </MetaLocationModel>
  <MetaLocationModel>
    <ID>203</ID>
    <ISO>SM</ISO>
    <LocalName>San Marino</LocalName>
    <Type>Country</Type>
    <In_Location>-1</In_Location>
    <Geo_lat>43.7667</Geo_lat>
    <Geo_lng>12.4167</Geo_lng>
    <DB_id>SM</DB_id>
  </MetaLocationModel>
  <MetaLocationModel>
    <ID>207</ID>
    <ISO>ST</ISO>
    <LocalName>Sao Tome and Principe</LocalName>
    <Type>Country</Type>
    <In_Location>-1</In_Location>
    <Geo_lat>1</Geo_lat>
    <Geo_lng>7</Geo_lng>
    <DB_id>ST</DB_id>
  </MetaLocationModel>
  <MetaLocationModel>
    <ID>192</ID>
    <ISO>SA</ISO>
    <LocalName>Saudi Arabia</LocalName>
    <Type>Country</Type>
    <In_Location>-1</In_Location>
    <Geo_lat>25</Geo_lat>
    <Geo_lng>45</Geo_lng>
    <DB_id>SA</DB_id>
  </MetaLocationModel>
  <MetaLocationModel>
    <ID>204</ID>
    <ISO>SN</ISO>
    <LocalName>Senegal</LocalName>
    <Type>Country</Type>
    <In_Location>-1</In_Location>
    <Geo_lat>14</Geo_lat>
    <Geo_lng>-14</Geo_lng>
    <DB_id>SN</DB_id>
  </MetaLocationModel>
  <MetaLocationModel>
    <ID>189</ID>
    <ISO>RS</ISO>
    <LocalName>Serbia</LocalName>
    <Type>Country</Type>
    <In_Location>-1</In_Location>
    <Geo_lat>44.015194</Geo_lat>
    <Geo_lng>20.729164</Geo_lng>
    <DB_id>RS</DB_id>
  </MetaLocationModel>
  <MetaLocationModel>
    <ID>194</ID>
    <ISO>SC</ISO>
    <LocalName>Seychelles</LocalName>
    <Type>Country</Type>
    <In_Location>-1</In_Location>
    <Geo_lat>-4.5833</Geo_lat>
    <Geo_lng>55.6667</Geo_lng>
    <DB_id>SC</DB_id>
  </MetaLocationModel>
  <MetaLocationModel>
    <ID>202</ID>
    <ISO>SL</ISO>
    <LocalName>Sierra Leone</LocalName>
    <Type>Country</Type>
    <In_Location>-1</In_Location>
    <Geo_lat>8.5</Geo_lat>
    <Geo_lng>-11.5</Geo_lng>
    <DB_id>SL</DB_id>
  </MetaLocationModel>
  <MetaLocationModel>
    <ID>197</ID>
    <ISO>SG</ISO>
    <LocalName>Singapore</LocalName>
    <Type>Country</Type>
    <In_Location>-1</In_Location>
    <Geo_lat>1.3667</Geo_lat>
    <Geo_lng>103.8</Geo_lng>
    <DB_id>SG</DB_id>
  </MetaLocationModel>
  <MetaLocationModel>
    <ID>201</ID>
    <ISO>SK</ISO>
    <LocalName>Slovakia</LocalName>
    <Type>Country</Type>
    <In_Location>-1</In_Location>
    <Geo_lat>48.6667</Geo_lat>
    <Geo_lng>19.5</Geo_lng>
    <DB_id>SK</DB_id>
  </MetaLocationModel>
  <MetaLocationModel>
    <ID>199</ID>
    <ISO>SI</ISO>
    <LocalName>Slovenia</LocalName>
    <Type>Country</Type>
    <In_Location>-1</In_Location>
    <Geo_lat>46</Geo_lat>
    <Geo_lng>15</Geo_lng>
    <DB_id>SI</DB_id>
  </MetaLocationModel>
  <MetaLocationModel>
    <ID>193</ID>
    <ISO>SB</ISO>
    <LocalName>Solomon Islands</LocalName>
    <Type>Country</Type>
    <In_Location>-1</In_Location>
    <Geo_lat>-8</Geo_lat>
    <Geo_lng>159</Geo_lng>
    <DB_id>SB</DB_id>
  </MetaLocationModel>
  <MetaLocationModel>
    <ID>205</ID>
    <ISO>SO</ISO>
    <LocalName>Somalia</LocalName>
    <Type>Country</Type>
    <In_Location>-1</In_Location>
    <Geo_lat>10</Geo_lat>
    <Geo_lng>49</Geo_lng>
    <DB_id>SO</DB_id>
  </MetaLocationModel>
  <MetaLocationModel>
    <ID>244</ID>
    <ISO>ZA</ISO>
    <LocalName>South Africa</LocalName>
    <Type>Country</Type>
    <In_Location>-1</In_Location>
    <Geo_lat>-29</Geo_lat>
    <Geo_lng>24</Geo_lng>
    <DB_id>ZA</DB_id>
  </MetaLocationModel>
  <MetaLocationModel>
    <ID>89</ID>
    <ISO>GS</ISO>
    <LocalName>South Georgia and the South Sandwich Islands</LocalName>
    <Type>Country</Type>
    <In_Location>-1</In_Location>
    <Geo_lat>-54.5</Geo_lat>
    <Geo_lng>-37</Geo_lng>
    <DB_id>GS</DB_id>
  </MetaLocationModel>
  <MetaLocationModel>
    <ID>67</ID>
    <ISO>ES</ISO>
    <LocalName>Spain</LocalName>
    <Type>Country</Type>
    <In_Location>-1</In_Location>
    <Geo_lat>40</Geo_lat>
    <Geo_lng>-4</Geo_lng>
    <DB_id>ES</DB_id>
  </MetaLocationModel>
  <MetaLocationModel>
    <ID>129</ID>
    <ISO>LK</ISO>
    <LocalName>Sri Lanka</LocalName>
    <Type>Country</Type>
    <In_Location>-1</In_Location>
    <Geo_lat>7</Geo_lat>
    <Geo_lng>81</Geo_lng>
    <DB_id>LK</DB_id>
  </MetaLocationModel>
  <MetaLocationModel>
    <ID>195</ID>
    <ISO>SD</ISO>
    <LocalName>Sudan</LocalName>
    <Type>Country</Type>
    <In_Location>-1</In_Location>
    <Geo_lat>15</Geo_lat>
    <Geo_lng>30</Geo_lng>
    <DB_id>SD</DB_id>
  </MetaLocationModel>
  <MetaLocationModel>
    <ID>206</ID>
    <ISO>SR</ISO>
    <LocalName>Suriname</LocalName>
    <Type>Country</Type>
    <In_Location>-1</In_Location>
    <Geo_lat>4</Geo_lat>
    <Geo_lng>-56</Geo_lng>
    <DB_id>SR</DB_id>
  </MetaLocationModel>
  <MetaLocationModel>
    <ID>200</ID>
    <ISO>SJ</ISO>
    <LocalName>Svalbard and Jan Mayen</LocalName>
    <Type>Country</Type>
    <In_Location>-1</In_Location>
    <Geo_lat>78</Geo_lat>
    <Geo_lng>20</Geo_lng>
    <DB_id>SJ</DB_id>
  </MetaLocationModel>
  <MetaLocationModel>
    <ID>210</ID>
    <ISO>SZ</ISO>
    <LocalName>Swaziland</LocalName>
    <Type>Country</Type>
    <In_Location>-1</In_Location>
    <Geo_lat>-26.5</Geo_lat>
    <Geo_lng>31.5</Geo_lng>
    <DB_id>SZ</DB_id>
  </MetaLocationModel>
  <MetaLocationModel>
    <ID>196</ID>
    <ISO>SE</ISO>
    <LocalName>Sweden</LocalName>
    <Type>Country</Type>
    <In_Location>-1</In_Location>
    <Geo_lat>62</Geo_lat>
    <Geo_lng>15</Geo_lng>
    <DB_id>SE</DB_id>
  </MetaLocationModel>
  <MetaLocationModel>
    <ID>43</ID>
    <ISO>CH</ISO>
    <LocalName>Switzerland</LocalName>
    <Type>Country</Type>
    <In_Location>-1</In_Location>
    <Geo_lat>47</Geo_lat>
    <Geo_lng>8</Geo_lng>
    <DB_id>CH</DB_id>
  </MetaLocationModel>
  <MetaLocationModel>
    <ID>209</ID>
    <ISO>SY</ISO>
    <LocalName>Syrian Arab Republic</LocalName>
    <Type>Country</Type>
    <In_Location>-1</In_Location>
    <Geo_lat>35</Geo_lat>
    <Geo_lng>38</Geo_lng>
    <DB_id>SY</DB_id>
  </MetaLocationModel>
  <MetaLocationModel>
    <ID>225</ID>
    <ISO>TW</ISO>
    <LocalName>Taiwan</LocalName>
    <Type>Country</Type>
    <In_Location>-1</In_Location>
    <Geo_lat>23.5</Geo_lat>
    <Geo_lng>121</Geo_lng>
    <DB_id>TW</DB_id>
  </MetaLocationModel>
  <MetaLocationModel>
    <ID>216</ID>
    <ISO>TJ</ISO>
    <LocalName>Tajikistan</LocalName>
    <Type>Country</Type>
    <In_Location>-1</In_Location>
    <Geo_lat>39</Geo_lat>
    <Geo_lng>71</Geo_lng>
    <DB_id>TJ</DB_id>
  </MetaLocationModel>
  <MetaLocationModel>
    <ID>226</ID>
    <ISO>TZ</ISO>
    <LocalName>Tanzania, United Republic of</LocalName>
    <Type>Country</Type>
    <In_Location>-1</In_Location>
    <Geo_lat>-6</Geo_lat>
    <Geo_lng>35</Geo_lng>
    <DB_id>TZ</DB_id>
  </MetaLocationModel>
  <MetaLocationModel>
    <ID>215</ID>
    <ISO>TH</ISO>
    <LocalName>Thailand</LocalName>
    <Type>Country</Type>
    <In_Location>-1</In_Location>
    <Geo_lat>15</Geo_lat>
    <Geo_lng>100</Geo_lng>
    <DB_id>TH</DB_id>
  </MetaLocationModel>
  <MetaLocationModel>
    <ID>218</ID>
    <ISO>TL</ISO>
    <LocalName>Timor-Leste</LocalName>
    <Type>Country</Type>
    <In_Location>-1</In_Location>
    <Geo_lat>-8.874217</Geo_lat>
    <Geo_lng>125.727539</Geo_lng>
    <DB_id>TL</DB_id>
  </MetaLocationModel>
  <MetaLocationModel>
    <ID>214</ID>
    <ISO>TG</ISO>
    <LocalName>Togo</LocalName>
    <Type>Country</Type>
    <In_Location>-1</In_Location>
    <Geo_lat>8</Geo_lat>
    <Geo_lng>1.1667</Geo_lng>
    <DB_id>TG</DB_id>
  </MetaLocationModel>
  <MetaLocationModel>
    <ID>217</ID>
    <ISO>TK</ISO>
    <LocalName>Tokelau</LocalName>
    <Type>Country</Type>
    <In_Location>-1</In_Location>
    <Geo_lat>-9</Geo_lat>
    <Geo_lng>-172</Geo_lng>
    <DB_id>TK</DB_id>
  </MetaLocationModel>
  <MetaLocationModel>
    <ID>221</ID>
    <ISO>TO</ISO>
    <LocalName>Tonga</LocalName>
    <Type>Country</Type>
    <In_Location>-1</In_Location>
    <Geo_lat>-20</Geo_lat>
    <Geo_lng>-175</Geo_lng>
    <DB_id>TO</DB_id>
  </MetaLocationModel>
  <MetaLocationModel>
    <ID>223</ID>
    <ISO>TT</ISO>
    <LocalName>Trinidad and Tobago</LocalName>
    <Type>Country</Type>
    <In_Location>-1</In_Location>
    <Geo_lat>11</Geo_lat>
    <Geo_lng>-61</Geo_lng>
    <DB_id>TT</DB_id>
  </MetaLocationModel>
  <MetaLocationModel>
    <ID>220</ID>
    <ISO>TN</ISO>
    <LocalName>Tunisia</LocalName>
    <Type>Country</Type>
    <In_Location>-1</In_Location>
    <Geo_lat>34</Geo_lat>
    <Geo_lng>9</Geo_lng>
    <DB_id>TN</DB_id>
  </MetaLocationModel>
  <MetaLocationModel>
    <ID>222</ID>
    <ISO>TR</ISO>
    <LocalName>Turkey</LocalName>
    <Type>Country</Type>
    <In_Location>-1</In_Location>
    <Geo_lat>39</Geo_lat>
    <Geo_lng>35</Geo_lng>
    <DB_id>TR</DB_id>
  </MetaLocationModel>
  <MetaLocationModel>
    <ID>219</ID>
    <ISO>TM</ISO>
    <LocalName>Turkmenistan</LocalName>
    <Type>Country</Type>
    <In_Location>-1</In_Location>
    <Geo_lat>40</Geo_lat>
    <Geo_lng>60</Geo_lng>
    <DB_id>TM</DB_id>
  </MetaLocationModel>
  <MetaLocationModel>
    <ID>211</ID>
    <ISO>TC</ISO>
    <LocalName>Turks and Caicos Islands</LocalName>
    <Type>Country</Type>
    <In_Location>-1</In_Location>
    <Geo_lat>21.75</Geo_lat>
    <Geo_lng>-71.5833</Geo_lng>
    <DB_id>TC</DB_id>
  </MetaLocationModel>
  <MetaLocationModel>
    <ID>224</ID>
    <ISO>TV</ISO>
    <LocalName>Tuvalu</LocalName>
    <Type>Country</Type>
    <In_Location>-1</In_Location>
    <Geo_lat>-8</Geo_lat>
    <Geo_lng>178</Geo_lng>
    <DB_id>TV</DB_id>
  </MetaLocationModel>
  <MetaLocationModel>
    <ID>228</ID>
    <ISO>UG</ISO>
    <LocalName>Uganda</LocalName>
    <Type>Country</Type>
    <In_Location>-1</In_Location>
    <Geo_lat>1</Geo_lat>
    <Geo_lng>32</Geo_lng>
    <DB_id>UG</DB_id>
  </MetaLocationModel>
  <MetaLocationModel>
    <ID>227</ID>
    <ISO>UA</ISO>
    <LocalName>Ukraine</LocalName>
    <Type>Country</Type>
    <In_Location>-1</In_Location>
    <Geo_lat>49</Geo_lat>
    <Geo_lng>32</Geo_lng>
    <DB_id>UA</DB_id>
  </MetaLocationModel>
  <MetaLocationModel>
    <ID>2</ID>
    <ISO>AE</ISO>
    <LocalName>United Arab Emirates</LocalName>
    <Type>Country</Type>
    <In_Location>-1</In_Location>
    <Geo_lat>24</Geo_lat>
    <Geo_lng>54</Geo_lng>
    <DB_id>AE</DB_id>
  </MetaLocationModel>
  <MetaLocationModel>
    <ID>76</ID>
    <ISO>GB</ISO>
    <LocalName>United Kingdom</LocalName>
    <Type>Country</Type>
    <In_Location>-1</In_Location>
    <Geo_lat>54</Geo_lat>
    <Geo_lng>-2</Geo_lng>
    <DB_id>GB</DB_id>
  </MetaLocationModel>
  <MetaLocationModel>
    <ID>230</ID>
    <ISO>US</ISO>
    <LocalName>United States</LocalName>
    <Type>Country</Type>
    <In_Location>-1</In_Location>
    <Geo_lat>38</Geo_lat>
    <Geo_lng>-97</Geo_lng>
    <DB_id>US</DB_id>
  </MetaLocationModel>
  <MetaLocationModel>
    <ID>229</ID>
    <ISO>UM</ISO>
    <LocalName>United States Minor Outlying Islands</LocalName>
    <Type>Country</Type>
    <In_Location>-1</In_Location>
    <Geo_lat>19.2833</Geo_lat>
    <Geo_lng>166.6</Geo_lng>
    <DB_id>UM</DB_id>
  </MetaLocationModel>
  <MetaLocationModel>
    <ID>231</ID>
    <ISO>UY</ISO>
    <LocalName>Uruguay</LocalName>
    <Type>Country</Type>
    <In_Location>-1</In_Location>
    <Geo_lat>-33</Geo_lat>
    <Geo_lng>-56</Geo_lng>
    <DB_id>UY</DB_id>
  </MetaLocationModel>
  <MetaLocationModel>
    <ID>232</ID>
    <ISO>UZ</ISO>
    <LocalName>Uzbekistan</LocalName>
    <Type>Country</Type>
    <In_Location>-1</In_Location>
    <Geo_lat>41</Geo_lat>
    <Geo_lng>64</Geo_lng>
    <DB_id>UZ</DB_id>
  </MetaLocationModel>
  <MetaLocationModel>
    <ID>239</ID>
    <ISO>VU</ISO>
    <LocalName>Vanuatu</LocalName>
    <Type>Country</Type>
    <In_Location>-1</In_Location>
    <Geo_lat>-16</Geo_lat>
    <Geo_lng>167</Geo_lng>
    <DB_id>VU</DB_id>
  </MetaLocationModel>
  <MetaLocationModel>
    <ID>235</ID>
    <ISO>VE</ISO>
    <LocalName>Venezuela, Bolivarian Republic of</LocalName>
    <Type>Country</Type>
    <In_Location>-1</In_Location>
    <Geo_lat>8</Geo_lat>
    <Geo_lng>-66</Geo_lng>
    <DB_id>VE</DB_id>
  </MetaLocationModel>
  <MetaLocationModel>
    <ID>238</ID>
    <ISO>VN</ISO>
    <LocalName>Viet Nam</LocalName>
    <Type>Country</Type>
    <In_Location>-1</In_Location>
    <Geo_lat>16</Geo_lat>
    <Geo_lng>106</Geo_lng>
    <DB_id>VN</DB_id>
  </MetaLocationModel>
  <MetaLocationModel>
    <ID>236</ID>
    <ISO>VG</ISO>
    <LocalName>Virgin Islands, British</LocalName>
    <Type>Country</Type>
    <In_Location>-1</In_Location>
    <Geo_lat>18.5</Geo_lat>
    <Geo_lng>-64.5</Geo_lng>
    <DB_id>VG</DB_id>
  </MetaLocationModel>
  <MetaLocationModel>
    <ID>237</ID>
    <ISO>VI</ISO>
    <LocalName>Virgin Islands, U.S.</LocalName>
    <Type>Country</Type>
    <In_Location>-1</In_Location>
    <Geo_lat>18.3333</Geo_lat>
    <Geo_lng>-64.8333</Geo_lng>
    <DB_id>VI</DB_id>
  </MetaLocationModel>
  <MetaLocationModel>
    <ID>240</ID>
    <ISO>WF</ISO>
    <LocalName>Wallis and Futuna</LocalName>
    <Type>Country</Type>
    <In_Location>-1</In_Location>
    <Geo_lat>-13.3</Geo_lat>
    <Geo_lng>-176.2</Geo_lng>
    <DB_id>WF</DB_id>
  </MetaLocationModel>
  <MetaLocationModel>
    <ID>65</ID>
    <ISO>EH</ISO>
    <LocalName>Western Sahara</LocalName>
    <Type>Country</Type>
    <In_Location>-1</In_Location>
    <Geo_lat>24.5</Geo_lat>
    <Geo_lng>-13</Geo_lng>
    <DB_id>EH</DB_id>
  </MetaLocationModel>
  <MetaLocationModel>
    <ID>242</ID>
    <ISO>YE</ISO>
    <LocalName>Yemen</LocalName>
    <Type>Country</Type>
    <In_Location>-1</In_Location>
    <Geo_lat>15</Geo_lat>
    <Geo_lng>48</Geo_lng>
    <DB_id>YE</DB_id>
  </MetaLocationModel>
  <MetaLocationModel>
    <ID>245</ID>
    <ISO>ZM</ISO>
    <LocalName>Zambia</LocalName>
    <Type>Country</Type>
    <In_Location>-1</In_Location>
    <Geo_lat>-15</Geo_lat>
    <Geo_lng>30</Geo_lng>
    <DB_id>ZM</DB_id>
  </MetaLocationModel>
  <MetaLocationModel>
    <ID>246</ID>
    <ISO>ZW</ISO>
    <LocalName>Zimbabwe</LocalName>
    <Type>Country</Type>
    <In_Location>-1</In_Location>
    <Geo_lat>-20</Geo_lat>
    <Geo_lng>30</Geo_lng>
    <DB_id>ZW</DB_id>
  </MetaLocationModel>
</ArrayOfMetaLocationModel>